Date,Variable,National,Bomi County,Bong County,Grand Kru,Lofa County,Margibi County,Maryland County,Montserrado County,Nimba County,River Gee County,RiverCess County,Sinoe County
7/3/2014,Specimens collected,4,0,0,0,0,0,0,4,0,0,0,0
7/3/2014,Specimens pending for testing,10,0,0,0,6,0,0,4,0,0,0,0
7/3/2014,Total specimens tested,2,0,0,0,0,0,0,2,0,0,0,0
7/3/2014,Newly reported deaths,4,0,0,0,0,0,0,4,0,0,0,0
7/3/2014,Total death/s in confirmed cases,33,0,0,0,17,2,0,14,0,0,0,0
7/3/2014,Total death/s in probable cases,22,0,0,0,8,0,0,14,0,0,0,0
7/3/2014,Total death/s in suspected cases,15,0,0,0,10,0,0,5,0,0,0,0
7/3/2014,"Total death/s in confirmed, probable, suspected cases",70,0,0,0,35,2,0,33,0,0,0,0
7/3/2014,Case Fatality Rate (CFR) - Confirmed & Probable Cases,75.3,0,0,0,65.8,66.7,0,87.5,0,,0,0
7/3/2014,Newly reported contacts,0,0,0,0,0,0,0,0,0,0,0,0
7/3/2014,Total contacts listed,463,0,0,0,259,28,0,176,0,0,0,0
7/3/2014,Currently under follow-up,463,0,0,0,259,28,0,176,0,0,0,0
7/3/2014,Contacts seen,423,0,0,0,259,6,0,158,0,0,0,0
7/3/2014,Contacts who completed 21 day follow-up,45,0,0,0,0,0,0,40,0,0,0,0
7/3/2014,Contacts lost to follow-up,14,0,0,0,0,0,0,15,0,0,0,0
7/3/2014,New admissions,1,0,0,0,0,0,0,1,0,0,0,0
7/3/2014,Total no. currently in Treatment Units,18,0,0,0,13,0,0,5,0,0,0,0
7/3/2014,Total discharges,0,0,0,0,0,0,0,0,0,0,0,0
7/3/2014,Cumulative admission/isolation,18,0,0,0,13,0,0,5,0,0,0,0
7/3/2014,Newly Reported Cases in HCW,0,0,0,0,0,0,0,0,0,,0,0
7/3/2014,Cumulative cases among HCW,10,0,0,0,5,0,0,5,0,,0,0
7/3/2014,Newly Reported deaths in HCW,1,0,0,0,0,0,0,1,0,,0,0
7/3/2014,Cumulative deaths among HCW,9,0,0,0,3,0,0,6,0,,0,0
7/3/2014,New Case/s (Suspected),1,0,0,0,0,0,0,1,0,0,0,0
7/3/2014,New Case/s (Probable),2,0,0,0,0,0,0,2,0,0,0,0
7/3/2014,New case/s (confirmed),1,0,0,0,0,0,0,1,0,0,0,0
7/3/2014,Total suspected cases,35,0,0,0,29,0,0,6,0,0,0,0
7/3/2014,Total probable cases,24,0,0,0,11,2,0,11,0,0,0,0
7/3/2014,Total confirmed cases,49,0,0,0,27,1,0,21,0,0,0,0
7/3/2014,Total Number of Confirmed Cases of Sierra Leonean Nationality,4,0,0,0,4,0,0,0,0,0,0,0
7/3/2014,Total Number of Confirmed Cases of Guinean Nationality,0,0,0,0,0,0,0,0,0,0,0,0
